insert into scbs_queixa (codigo, tipoqueixa, solicitante, descricao, observacao, email, funcionario, situacao, dataparecer, dataqueixa, enderecosolicitante, ts) values ("28","3",null,"final insert test ao version 3","update test",null,"default","3","15/9/2006","15/09/2006","55","1");
insert into scbs_queixa (codigo, tipoqueixa, solicitante, descricao, observacao, email, funcionario, situacao, dataparecer, dataqueixa, enderecosolicitante, ts) values ("29","1",null,"final insert test ao version 4",null,null,"null","1","null","15/09/2006","57","0");
insert into scbs_queixa (codigo, tipoqueixa, solicitante, descricao, observacao, email, funcionario, situacao, dataparecer, dataqueixa, enderecosolicitante, ts) values ("30","1",null,"final update test ao version 3a","updated",null,"default","3","15/9/2006","15/09/2006","59","1");
insert into scbs_queixa (codigo, tipoqueixa, solicitante, descricao, observacao, email, funcionario, situacao, dataparecer, dataqueixa, enderecosolicitante, ts) values ("31","2",null,"final insert test version 4a","final update test version 4a",null,"default","3","15/9/2006","15/08/2006","61","1");
insert into scbs_queixa (codigo, tipoqueixa, solicitante, descricao, observacao, email, funcionario, situacao, dataparecer, dataqueixa, enderecosolicitante, ts) values ("32","3",null,"final insert test version 5","final update test version 5",null,"default","3","15/9/2006","15/09/2006","63","1");
insert into scbs_queixa (codigo, tipoqueixa, solicitante, descricao, observacao, email, funcionario, situacao, dataparecer, dataqueixa, enderecosolicitante, ts) values ("33","1",null,"final insert test ao version 6","final update test ao version 6",null,"default","3","15/9/2006","15/09/2006","65","1");
insert into scbs_queixa (codigo, tipoqueixa, solicitante, descricao, observacao, email, funcionario, situacao, dataparecer, dataqueixa, enderecosolicitante, ts) values ("34","2",null,"final insert test ao version 7","final update test version 8",null,"default","3","15/9/2006","15/08/2006","67","1");
insert into scbs_queixa (codigo, tipoqueixa, solicitante, descricao, observacao, email, funcionario, situacao, dataparecer, dataqueixa, enderecosolicitante, ts) values ("35","3",null,"final insert test version 8","final update ao test version 8",null,"default","3","15/9/2006","15/09/2006","69","1");
insert into scbs_queixa (codigo, tipoqueixa, solicitante, descricao, observacao, email, funcionario, situacao, dataparecer, dataqueixa, enderecosolicitante, ts) values ("36","1",null,"test",null,null,"null","3","null","18/09/2006","71","0");
insert into scbs_queixa (codigo, tipoqueixa, solicitante, descricao, observacao, email, funcionario, situacao, dataparecer, dataqueixa, enderecosolicitante, ts) values ("37","1",null,"test state complaint",null,null,"null","3","null","18/09/2006","73","0");
insert into scbs_queixa (codigo, tipoqueixa, solicitante, descricao, observacao, email, funcionario, situacao, dataparecer, dataqueixa, enderecosolicitante, ts) values ("38","1",null,"complainy test 38","test",null,"default","3","18/9/2006","18/09/2006","75","1");
insert into scbs_queixa (codigo, tipoqueixa, solicitante, descricao, observacao, email, funcionario, situacao, dataparecer, dataqueixa, enderecosolicitante, ts) values ("39","1",null,"new observer test","observer test",null,"default","3","18/9/2006","18/09/2006","77","1");
insert into scbs_queixa (codigo, tipoqueixa, solicitante, descricao, observacao, email, funcionario, situacao, dataparecer, dataqueixa, enderecosolicitante, ts) values ("40","1",null,"update test version 6 version 2","y",null,"default","3","18/9/2006","18/09/2006","79","4");
insert into scbs_queixa (codigo, tipoqueixa, solicitante, descricao, observacao, email, funcionario, situacao, dataparecer, dataqueixa, enderecosolicitante, ts) values ("41","1",null,"update test 101","test",null,"default","3","18/9/2006","18/09/2006","81","4");
insert into scbs_queixa (codigo, tipoqueixa, solicitante, descricao, observacao, email, funcionario, situacao, dataparecer, dataqueixa, enderecosolicitante, ts) values ("42","1","blah","blah","blah",null,"null","1","null","06/10/2006","83","0");
insert into scbs_queixa (codigo, tipoqueixa, solicitante, descricao, observacao, email, funcionario, situacao, dataparecer, dataqueixa, enderecosolicitante, ts) values ("43","1","test","test","test",null,"null","1","null","06/10/2006","85","0");
insert into scbs_queixa (codigo, tipoqueixa, solicitante, descricao, observacao, email, funcionario, situacao, dataparecer, dataqueixa, enderecosolicitante, ts) values ("44","1","a 2008 test","a 2008 test","a 2008 test","a 2008 test","test","3","24/0/2008","24/00/2008","87","1");
insert into scbs_queixa (codigo, tipoqueixa, solicitante, descricao, observacao, email, funcionario, situacao, dataparecer, dataqueixa, enderecosolicitante, ts) values ("1","1","name","this is a test.","solution","email","phil","3","19/8/3906","19/07/2006","1","1");
insert into scbs_queixa (codigo, tipoqueixa, solicitante, descricao, observacao, email, funcionario, situacao, dataparecer, dataqueixa, enderecosolicitante, ts) values ("2","1","blah","blah","blah","blah","phil","1","null","21/07/2006","3","1");
insert into scbs_queixa (codigo, tipoqueixa, solicitante, descricao, observacao, email, funcionario, situacao, dataparecer, dataqueixa, enderecosolicitante, ts) values ("3","2","blah 2","blah 2","new observation 3","v","phil","3","25/7/2006","21/07/2006","5","1");
insert into scbs_queixa (codigo, tipoqueixa, solicitante, descricao, observacao, email, funcionario, situacao, dataparecer, dataqueixa, enderecosolicitante, ts) values ("4","1","bob smith","this is a new food complaint","observation for complaint 4","a@b.com","phil","3","30/10/5806","08/08/2006","7","2");
insert into scbs_queixa (codigo, tipoqueixa, solicitante, descricao, observacao, email, funcionario, situacao, dataparecer, dataqueixa, enderecosolicitante, ts) values ("5","1","oo complainer name","oo complaint description","complaint 5 observation","oo complainer email","phil","3","30/7/2006","25/07/2006","9","1");
insert into scbs_queixa (codigo, tipoqueixa, solicitante, descricao, observacao, email, funcionario, situacao, dataparecer, dataqueixa, enderecosolicitante, ts) values ("6","2","oo animal complainer name","oo animal description","update complaint version 3 test ","oo animal complainer email","default","3","6/8/2006","25/07/2006","11","4");
insert into scbs_queixa (codigo, tipoqueixa, solicitante, descricao, observacao, email, funcionario, situacao, dataparecer, dataqueixa, enderecosolicitante, ts) values ("7","3","oo special complainer name","oo special description ","oo special observations","oo special complainer email","null","1","null","25/07/2006","13","0");
insert into scbs_queixa (codigo, tipoqueixa, solicitante, descricao, observacao, email, funcionario, situacao, dataparecer, dataqueixa, enderecosolicitante, ts) values ("8","1","new name","new food complaint","new food complaint observation","new email","phil","3","30/8/3906","30/07/2006","15","2");
insert into scbs_queixa (codigo, tipoqueixa, solicitante, descricao, observacao, email, funcionario, situacao, dataparecer, dataqueixa, enderecosolicitante, ts) values ("9","2",null,"version 3 insert test","version 2 update test",null,"default","3","6/8/2006","06/08/2006","17","1");
insert into scbs_queixa (codigo, tipoqueixa, solicitante, descricao, observacao, email, funcionario, situacao, dataparecer, dataqueixa, enderecosolicitante, ts) values ("10","1",null,"version 4 food complaint","blah",null,"default","1","8/8/2006","07/08/2006","19","15");
insert into scbs_queixa (codigo, tipoqueixa, solicitante, descricao, observacao, email, funcionario, situacao, dataparecer, dataqueixa, enderecosolicitante, ts) values ("11","1",null,"version 4 complaint 2",null,null,"null","1","null","07/08/2006","21","0");
insert into scbs_queixa (codigo, tipoqueixa, solicitante, descricao, observacao, email, funcionario, situacao, dataparecer, dataqueixa, enderecosolicitante, ts) values ("12","1",null,"update complaint test version 2","update test version 2",null,"default","3","13/8/2006","13/08/2006","23","1");
insert into scbs_queixa (codigo, tipoqueixa, solicitante, descricao, observacao, email, funcionario, situacao, dataparecer, dataqueixa, enderecosolicitante, ts) values ("13","2",null,"complaint update test version 2","update test version 2",null,"default","3","13/8/2006","13/08/2006","25","1");
insert into scbs_queixa (codigo, tipoqueixa, solicitante, descricao, observacao, email, funcionario, situacao, dataparecer, dataqueixa, enderecosolicitante, ts) values ("14","1",null,"new test version 2","update test new version 2",null,"default","3","13/8/2006","13/08/2006","27","1");
insert into scbs_queixa (codigo, tipoqueixa, solicitante, descricao, observacao, email, funcionario, situacao, dataparecer, dataqueixa, enderecosolicitante, ts) values ("15","2",null,"ao version test 1","ao version test 1",null,"default","3","13/9/2006","13/08/2006","29","1");
insert into scbs_queixa (codigo, tipoqueixa, solicitante, descricao, observacao, email, funcionario, situacao, dataparecer, dataqueixa, enderecosolicitante, ts) values ("16","1",null,"ao version 2 test","ao version 2 test",null,"default","3","13/9/2006","13/09/2006","31","1");
insert into scbs_queixa (codigo, tipoqueixa, solicitante, descricao, observacao, email, funcionario, situacao, dataparecer, dataqueixa, enderecosolicitante, ts) values ("17","1",null,"final test version 1","final update test version 1",null,"default","3","14/8/2006","14/08/2006","33","1");
insert into scbs_queixa (codigo, tipoqueixa, solicitante, descricao, observacao, email, funcionario, situacao, dataparecer, dataqueixa, enderecosolicitante, ts) values ("18","1",null,"final test version 2","update final test version 2",null,"default","3","14/8/2006","14/08/2006","35","1");
insert into scbs_queixa (codigo, tipoqueixa, solicitante, descricao, observacao, email, funcionario, situacao, dataparecer, dataqueixa, enderecosolicitante, ts) values ("19","2",null,"final insert test version 3","update final test version 3",null,"default","3","14/8/2006","14/08/2006","37","1");
insert into scbs_queixa (codigo, tipoqueixa, solicitante, descricao, observacao, email, funcionario, situacao, dataparecer, dataqueixa, enderecosolicitante, ts) values ("20","3",null,"insert final test version 4","this will now work",null,"default","3","14/8/2006","14/08/2006","39","48");
insert into scbs_queixa (codigo, tipoqueixa, solicitante, descricao, observacao, email, funcionario, situacao, dataparecer, dataqueixa, enderecosolicitante, ts) values ("21","1",null,"last last insert version 4 test","update version 4",null,"default","1","14/8/2006","14/08/2006","41","1");
insert into scbs_queixa (codigo, tipoqueixa, solicitante, descricao, observacao, email, funcionario, situacao, dataparecer, dataqueixa, enderecosolicitante, ts) values ("22","2",null,"final insert test version 5","final update test version 5",null,"default","3","14/8/2006","14/08/2006","43","2");
insert into scbs_queixa (codigo, tipoqueixa, solicitante, descricao, observacao, email, funcionario, situacao, dataparecer, dataqueixa, enderecosolicitante, ts) values ("23","3",null,"final insert test version 6","final update test version 6",null,"default","3","14/8/2006","14/08/2006","45","2");
insert into scbs_queixa (codigo, tipoqueixa, solicitante, descricao, observacao, email, funcionario, situacao, dataparecer, dataqueixa, enderecosolicitante, ts) values ("24","1",null,"final insert test version 7","final update test version 7",null,"default","3","14/8/2006","14/08/2006","47","2");
insert into scbs_queixa (codigo, tipoqueixa, solicitante, descricao, observacao, email, funcionario, situacao, dataparecer, dataqueixa, enderecosolicitante, ts) values ("25","2",null,"final insert test version 8","final update test version 8",null,"default","3","14/8/2006","14/08/2006","49","2");
insert into scbs_queixa (codigo, tipoqueixa, solicitante, descricao, observacao, email, funcionario, situacao, dataparecer, dataqueixa, enderecosolicitante, ts) values ("26","1",null,"final insert test ao version 1","final update test ao version 1",null,"default","3","15/9/2006","15/09/2006","51","1");
insert into scbs_queixa (codigo, tipoqueixa, solicitante, descricao, observacao, email, funcionario, situacao, dataparecer, dataqueixa, enderecosolicitante, ts) values ("27","2",null,"final insert test ao version 2","final update test ao version 2",null,"default","3","15/9/2006","15/08/2006","53","1");
insert into scbs_funcionario (login, nome, senha) values ("phil","test","test2");
insert into scbs_funcionario (login, nome, senha) values ("joe","joe bloggs","bloggs");
insert into scbs_funcionario (login, nome, senha) values ("smith","john smith","john");
insert into scbs_funcionario (login, nome, senha) values ("murphy","john","murphy");
insert into scbs_funcionario (login, nome, senha) values ("test","test","test");
insert into scbs_funcionario (login, nome, senha) values ("default","default version 4","default");
insert into scbs_funcionario (login, nome, senha) values ("version7","version 7","version7");
insert into scbs_funcionario (login, nome, senha) values ("authen","authen","authen");
insert into scbs_funcionario (login, nome, senha) values ("test2","test2","test2");
insert into scbs_funcionario (login, nome, senha) values ("2008","2008","2008");
insert into scbs_endereco (codigo, rua, complemento, cep, uf, fone, cidade, bairro) values ("81",null,null,null,null,null,null,null);
insert into scbs_endereco (codigo, rua, complemento, cep, uf, fone, cidade, bairro) values ("82",null,null,null,null,null,null,null);
insert into scbs_endereco (codigo, rua, complemento, cep, uf, fone, cidade, bairro) values ("83","blah",null,"null",null,null,null,null);
insert into scbs_endereco (codigo, rua, complemento, cep, uf, fone, cidade, bairro) values ("84",null,null,"null",null,null,null,null);
insert into scbs_endereco (codigo, rua, complemento, cep, uf, fone, cidade, bairro) values ("85",null,null,"null",null,null,null,null);
insert into scbs_endereco (codigo, rua, complemento, cep, uf, fone, cidade, bairro) values ("86",null,null,"null",null,null,null,null);
insert into scbs_endereco (codigo, rua, complemento, cep, uf, fone, cidade, bairro) values ("87","a 2008 test","a 2008 test","null","a 2008 test","a 2008 test","a 2008 test","a 2008 test");
insert into scbs_endereco (codigo, rua, complemento, cep, uf, fone, cidade, bairro) values ("88","a 2008 test","a 2008 test","null","a 2008 test","a 2008 test","a 2008 test","a 2008 test");
insert into scbs_endereco (codigo, rua, complemento, cep, uf, fone, cidade, bairro) values ("1","address","complement","zip","state","phone number","city","province");
insert into scbs_endereco (codigo, rua, complemento, cep, uf, fone, cidade, bairro) values ("2","address","complement","zip","state","telephone","city","province");
insert into scbs_endereco (codigo, rua, complemento, cep, uf, fone, cidade, bairro) values ("3","blah","blah","blah","blah","blah","blah","blah");
insert into scbs_endereco (codigo, rua, complemento, cep, uf, fone, cidade, bairro) values ("4","blah","blah","blah","blah","v","blah","blah");
insert into scbs_endereco (codigo, rua, complemento, cep, uf, fone, cidade, bairro) values ("5","blah 2","blah 2","blah 2","blah 2","blah 2","blah 2","blah 2");
insert into scbs_endereco (codigo, rua, complemento, cep, uf, fone, cidade, bairro) values ("6","blah 2","blah 2","blah 2","blah 2","blah 2","blah 2","blah 2");
insert into scbs_endereco (codigo, rua, complemento, cep, uf, fone, cidade, bairro) values ("7","20 high street","dunno","la1 3qq",null,"01524 343412","lancaster","lancashire");
insert into scbs_endereco (codigo, rua, complemento, cep, uf, fone, cidade, bairro) values ("8","21 high street","dunno","la1 3qq",null,"01524 6454564","lancaster","lancashire");
insert into scbs_endereco (codigo, rua, complemento, cep, uf, fone, cidade, bairro) values ("9","oo complainer address","oo complainer complement","null","oo complainer state","oo complainer phone number","oo complainer city","oo complainer province");
insert into scbs_endereco (codigo, rua, complemento, cep, uf, fone, cidade, bairro) values ("10","oo victim adress","oo victim complement","null","oo victim state","oo victim telephone","oo victim city","oo victim province");
insert into scbs_endereco (codigo, rua, complemento, cep, uf, fone, cidade, bairro) values ("11","oo animal complainer address","oo animal complainer complement","null","oo animal complainer state","oo animal complainer phone","oo animal complainer city","oo animal complainer province");
insert into scbs_endereco (codigo, rua, complemento, cep, uf, fone, cidade, bairro) values ("12","oo animal event address","oo animal event complement","null","oo animal event state","oo animal event phone","oo animal event city","oo animal event province");
insert into scbs_endereco (codigo, rua, complemento, cep, uf, fone, cidade, bairro) values ("13","oo special complainer address","oo special complainer complement","null","oo special complainer state","oo special complainer phone","oo special complainer city","oo special complainer province");
insert into scbs_endereco (codigo, rua, complemento, cep, uf, fone, cidade, bairro) values ("14","oo special event address","oo special event complement","null","oo special event state","oo special event phone","oo special event city","oo special event provicne");
insert into scbs_endereco (codigo, rua, complemento, cep, uf, fone, cidade, bairro) values ("15","new address","new complement","null","new state","new phone number","new city","new province");
insert into scbs_endereco (codigo, rua, complemento, cep, uf, fone, cidade, bairro) values ("16","new address","new complement","null","new state ","new phone","new closest city","new province");
insert into scbs_endereco (codigo, rua, complemento, cep, uf, fone, cidade, bairro) values ("17",null,null,"null",null,null,null,null);
insert into scbs_endereco (codigo, rua, complemento, cep, uf, fone, cidade, bairro) values ("18",null,null,"null",null,null,null,null);
insert into scbs_endereco (codigo, rua, complemento, cep, uf, fone, cidade, bairro) values ("19",null,null,"null",null,null,null,null);
insert into scbs_endereco (codigo, rua, complemento, cep, uf, fone, cidade, bairro) values ("20",null,null,"null",null,null,null,null);
insert into scbs_endereco (codigo, rua, complemento, cep, uf, fone, cidade, bairro) values ("21",null,null,"null",null,null,null,null);
insert into scbs_endereco (codigo, rua, complemento, cep, uf, fone, cidade, bairro) values ("22",null,null,"null",null,null,null,null);
insert into scbs_endereco (codigo, rua, complemento, cep, uf, fone, cidade, bairro) values ("23",null,null,"null",null,null,null,null);
insert into scbs_endereco (codigo, rua, complemento, cep, uf, fone, cidade, bairro) values ("24",null,null,"null",null,null,null,null);
insert into scbs_endereco (codigo, rua, complemento, cep, uf, fone, cidade, bairro) values ("25",null,null,"null",null,null,null,null);
insert into scbs_endereco (codigo, rua, complemento, cep, uf, fone, cidade, bairro) values ("26",null,null,"null",null,null,null,null);
insert into scbs_endereco (codigo, rua, complemento, cep, uf, fone, cidade, bairro) values ("27",null,null,"null",null,null,null,null);
insert into scbs_endereco (codigo, rua, complemento, cep, uf, fone, cidade, bairro) values ("28",null,null,"null",null,null,null,null);
insert into scbs_endereco (codigo, rua, complemento, cep, uf, fone, cidade, bairro) values ("29",null,null,null,null,null,null,null);
insert into scbs_endereco (codigo, rua, complemento, cep, uf, fone, cidade, bairro) values ("30",null,null,null,null,null,null,null);
insert into scbs_endereco (codigo, rua, complemento, cep, uf, fone, cidade, bairro) values ("31",null,null,null,null,null,null,null);
insert into scbs_endereco (codigo, rua, complemento, cep, uf, fone, cidade, bairro) values ("32",null,null,null,null,null,null,null);
insert into scbs_endereco (codigo, rua, complemento, cep, uf, fone, cidade, bairro) values ("33",null,null,"null",null,null,null,null);
insert into scbs_endereco (codigo, rua, complemento, cep, uf, fone, cidade, bairro) values ("34",null,null,"null",null,null,null,null);
insert into scbs_endereco (codigo, rua, complemento, cep, uf, fone, cidade, bairro) values ("35",null,null,"null",null,null,null,null);
insert into scbs_endereco (codigo, rua, complemento, cep, uf, fone, cidade, bairro) values ("36",null,null,"null",null,null,null,null);
insert into scbs_endereco (codigo, rua, complemento, cep, uf, fone, cidade, bairro) values ("37",null,null,"null",null,null,null,null);
insert into scbs_endereco (codigo, rua, complemento, cep, uf, fone, cidade, bairro) values ("38",null,null,"null",null,null,null,null);
insert into scbs_endereco (codigo, rua, complemento, cep, uf, fone, cidade, bairro) values ("39",null,null,"null",null,null,null,null);
insert into scbs_endereco (codigo, rua, complemento, cep, uf, fone, cidade, bairro) values ("40",null,null,"null",null,null,null,null);
insert into scbs_endereco (codigo, rua, complemento, cep, uf, fone, cidade, bairro) values ("41",null,null,"null",null,null,null,null);
insert into scbs_endereco (codigo, rua, complemento, cep, uf, fone, cidade, bairro) values ("42",null,null,"null",null,null,null,null);
insert into scbs_endereco (codigo, rua, complemento, cep, uf, fone, cidade, bairro) values ("43",null,null,"null",null,null,null,null);
insert into scbs_endereco (codigo, rua, complemento, cep, uf, fone, cidade, bairro) values ("44",null,null,"null",null,null,null,null);
insert into scbs_endereco (codigo, rua, complemento, cep, uf, fone, cidade, bairro) values ("45",null,null,"null",null,null,null,null);
insert into scbs_endereco (codigo, rua, complemento, cep, uf, fone, cidade, bairro) values ("46",null,null,"null",null,null,null,null);
insert into scbs_endereco (codigo, rua, complemento, cep, uf, fone, cidade, bairro) values ("47",null,null,"null",null,null,null,null);
insert into scbs_endereco (codigo, rua, complemento, cep, uf, fone, cidade, bairro) values ("48",null,null,"null",null,null,null,null);
insert into scbs_endereco (codigo, rua, complemento, cep, uf, fone, cidade, bairro) values ("49",null,null,"null",null,null,null,null);
insert into scbs_endereco (codigo, rua, complemento, cep, uf, fone, cidade, bairro) values ("50",null,null,"null",null,null,null,null);
insert into scbs_endereco (codigo, rua, complemento, cep, uf, fone, cidade, bairro) values ("51",null,null,null,null,null,null,null);
insert into scbs_endereco (codigo, rua, complemento, cep, uf, fone, cidade, bairro) values ("52",null,null,null,null,null,null,null);
insert into scbs_endereco (codigo, rua, complemento, cep, uf, fone, cidade, bairro) values ("53",null,null,null,null,null,null,null);
insert into scbs_endereco (codigo, rua, complemento, cep, uf, fone, cidade, bairro) values ("54",null,null,null,null,null,null,null);
insert into scbs_endereco (codigo, rua, complemento, cep, uf, fone, cidade, bairro) values ("55",null,null,null,null,null,null,null);
insert into scbs_endereco (codigo, rua, complemento, cep, uf, fone, cidade, bairro) values ("56",null,null,null,null,null,null,null);
insert into scbs_endereco (codigo, rua, complemento, cep, uf, fone, cidade, bairro) values ("57",null,null,null,null,null,null,null);
insert into scbs_endereco (codigo, rua, complemento, cep, uf, fone, cidade, bairro) values ("58",null,null,null,null,null,null,null);
insert into scbs_endereco (codigo, rua, complemento, cep, uf, fone, cidade, bairro) values ("59",null,null,null,null,null,null,null);
insert into scbs_endereco (codigo, rua, complemento, cep, uf, fone, cidade, bairro) values ("60",null,null,null,null,null,null,null);
insert into scbs_endereco (codigo, rua, complemento, cep, uf, fone, cidade, bairro) values ("61",null,null,null,null,null,null,null);
insert into scbs_endereco (codigo, rua, complemento, cep, uf, fone, cidade, bairro) values ("62",null,null,null,null,null,null,null);
insert into scbs_endereco (codigo, rua, complemento, cep, uf, fone, cidade, bairro) values ("63",null,null,null,null,null,null,null);
insert into scbs_endereco (codigo, rua, complemento, cep, uf, fone, cidade, bairro) values ("64",null,null,null,null,null,null,null);
insert into scbs_endereco (codigo, rua, complemento, cep, uf, fone, cidade, bairro) values ("65",null,null,null,null,null,null,null);
insert into scbs_endereco (codigo, rua, complemento, cep, uf, fone, cidade, bairro) values ("66",null,null,null,null,null,null,null);
insert into scbs_endereco (codigo, rua, complemento, cep, uf, fone, cidade, bairro) values ("67",null,null,null,null,null,null,null);
insert into scbs_endereco (codigo, rua, complemento, cep, uf, fone, cidade, bairro) values ("68",null,null,null,null,null,null,null);
insert into scbs_endereco (codigo, rua, complemento, cep, uf, fone, cidade, bairro) values ("69",null,null,null,null,null,null,null);
insert into scbs_endereco (codigo, rua, complemento, cep, uf, fone, cidade, bairro) values ("70",null,null,null,null,null,null,null);
insert into scbs_endereco (codigo, rua, complemento, cep, uf, fone, cidade, bairro) values ("71",null,null,null,null,null,null,null);
insert into scbs_endereco (codigo, rua, complemento, cep, uf, fone, cidade, bairro) values ("72",null,null,null,null,null,null,null);
insert into scbs_endereco (codigo, rua, complemento, cep, uf, fone, cidade, bairro) values ("73",null,null,null,null,null,null,null);
insert into scbs_endereco (codigo, rua, complemento, cep, uf, fone, cidade, bairro) values ("74",null,null,null,null,null,null,null);
insert into scbs_endereco (codigo, rua, complemento, cep, uf, fone, cidade, bairro) values ("75",null,null,null,null,null,null,null);
insert into scbs_endereco (codigo, rua, complemento, cep, uf, fone, cidade, bairro) values ("76",null,null,null,null,null,null,null);
insert into scbs_endereco (codigo, rua, complemento, cep, uf, fone, cidade, bairro) values ("77",null,null,null,null,null,null,null);
insert into scbs_endereco (codigo, rua, complemento, cep, uf, fone, cidade, bairro) values ("78",null,null,null,null,null,null,null);
insert into scbs_endereco (codigo, rua, complemento, cep, uf, fone, cidade, bairro) values ("79",null,null,null,null,null,null,null);
insert into scbs_endereco (codigo, rua, complemento, cep, uf, fone, cidade, bairro) values ("80",null,null,null,null,null,null,null);
insert into scbs_queixaalimentar (codigo, qtdecomensais, qtdedoentes, qtdeinternacoes, qtdeobitos, localatendimento, refeicaosuspeita, enderecodoente) values ("1","1","1","1","1","hospital","pizza","1");
insert into scbs_queixaalimentar (codigo, qtdecomensais, qtdedoentes, qtdeinternacoes, qtdeobitos, localatendimento, refeicaosuspeita, enderecodoente) values ("2","2","2","2","2","blah","blah","4");
insert into scbs_queixaalimentar (codigo, qtdecomensais, qtdedoentes, qtdeinternacoes, qtdeobitos, localatendimento, refeicaosuspeita, enderecodoente) values ("4","1","1","0","0","lancaster infirmary","mcdondalds","8");
insert into scbs_queixaalimentar (codigo, qtdecomensais, qtdedoentes, qtdeinternacoes, qtdeobitos, localatendimento, refeicaosuspeita, enderecodoente) values ("5","1","2","3","4","oo medical centre","oo meal","10");
insert into scbs_queixaalimentar (codigo, qtdecomensais, qtdedoentes, qtdeinternacoes, qtdeobitos, localatendimento, refeicaosuspeita, enderecodoente) values ("8","1","10","10","10","new centre","new meal","16");
insert into scbs_queixaalimentar (codigo, qtdecomensais, qtdedoentes, qtdeinternacoes, qtdeobitos, localatendimento, refeicaosuspeita, enderecodoente) values ("10","1","2","3","4",null,null,"20");
insert into scbs_queixaalimentar (codigo, qtdecomensais, qtdedoentes, qtdeinternacoes, qtdeobitos, localatendimento, refeicaosuspeita, enderecodoente) values ("11","1","1","1","1",null,null,"22");
insert into scbs_queixaalimentar (codigo, qtdecomensais, qtdedoentes, qtdeinternacoes, qtdeobitos, localatendimento, refeicaosuspeita, enderecodoente) values ("12","1","2","3","4",null,null,"24");
insert into scbs_queixaalimentar (codigo, qtdecomensais, qtdedoentes, qtdeinternacoes, qtdeobitos, localatendimento, refeicaosuspeita, enderecodoente) values ("14","1","2","3","4",null,null,"28");
insert into scbs_queixaalimentar (codigo, qtdecomensais, qtdedoentes, qtdeinternacoes, qtdeobitos, localatendimento, refeicaosuspeita, enderecodoente) values ("16","1","2","3","4",null,null,"32");
insert into scbs_queixaalimentar (codigo, qtdecomensais, qtdedoentes, qtdeinternacoes, qtdeobitos, localatendimento, refeicaosuspeita, enderecodoente) values ("17","1","2","3","4",null,null,"34");
insert into scbs_queixaalimentar (codigo, qtdecomensais, qtdedoentes, qtdeinternacoes, qtdeobitos, localatendimento, refeicaosuspeita, enderecodoente) values ("18","1","2","3","4",null,null,"36");
insert into scbs_queixaalimentar (codigo, qtdecomensais, qtdedoentes, qtdeinternacoes, qtdeobitos, localatendimento, refeicaosuspeita, enderecodoente) values ("21","1","2","3","4",null,null,"42");
insert into scbs_queixaalimentar (codigo, qtdecomensais, qtdedoentes, qtdeinternacoes, qtdeobitos, localatendimento, refeicaosuspeita, enderecodoente) values ("24","1","2","3","4",null,null,"48");
insert into scbs_queixaalimentar (codigo, qtdecomensais, qtdedoentes, qtdeinternacoes, qtdeobitos, localatendimento, refeicaosuspeita, enderecodoente) values ("26","1","2","3","4",null,null,"52");
insert into scbs_queixaalimentar (codigo, qtdecomensais, qtdedoentes, qtdeinternacoes, qtdeobitos, localatendimento, refeicaosuspeita, enderecodoente) values ("29","1","2","3","4",null,null,"58");
insert into scbs_queixaalimentar (codigo, qtdecomensais, qtdedoentes, qtdeinternacoes, qtdeobitos, localatendimento, refeicaosuspeita, enderecodoente) values ("30","1","2","3","4",null,null,"60");
insert into scbs_queixaalimentar (codigo, qtdecomensais, qtdedoentes, qtdeinternacoes, qtdeobitos, localatendimento, refeicaosuspeita, enderecodoente) values ("33","1","2","3","4",null,null,"66");
insert into scbs_queixaalimentar (codigo, qtdecomensais, qtdedoentes, qtdeinternacoes, qtdeobitos, localatendimento, refeicaosuspeita, enderecodoente) values ("36","1","2","3","4",null,null,"72");
insert into scbs_queixaalimentar (codigo, qtdecomensais, qtdedoentes, qtdeinternacoes, qtdeobitos, localatendimento, refeicaosuspeita, enderecodoente) values ("37","1","2","3","4",null,null,"74");
insert into scbs_queixaalimentar (codigo, qtdecomensais, qtdedoentes, qtdeinternacoes, qtdeobitos, localatendimento, refeicaosuspeita, enderecodoente) values ("38","1","2","3","4",null,null,"76");
insert into scbs_queixaalimentar (codigo, qtdecomensais, qtdedoentes, qtdeinternacoes, qtdeobitos, localatendimento, refeicaosuspeita, enderecodoente) values ("39","1","23","3","4",null,null,"78");
insert into scbs_queixaalimentar (codigo, qtdecomensais, qtdedoentes, qtdeinternacoes, qtdeobitos, localatendimento, refeicaosuspeita, enderecodoente) values ("40","1","2","3","4",null,null,"80");
insert into scbs_queixaalimentar (codigo, qtdecomensais, qtdedoentes, qtdeinternacoes, qtdeobitos, localatendimento, refeicaosuspeita, enderecodoente) values ("41","1","2","3","4",null,null,"82");
insert into scbs_queixaalimentar (codigo, qtdecomensais, qtdedoentes, qtdeinternacoes, qtdeobitos, localatendimento, refeicaosuspeita, enderecodoente) values ("42","1","2","3","4",null,null,"84");
insert into scbs_queixaalimentar (codigo, qtdecomensais, qtdedoentes, qtdeinternacoes, qtdeobitos, localatendimento, refeicaosuspeita, enderecodoente) values ("43","99","99","99","99",null,null,"86");
insert into scbs_queixaalimentar (codigo, qtdecomensais, qtdedoentes, qtdeinternacoes, qtdeobitos, localatendimento, refeicaosuspeita, enderecodoente) values ("44","1","1","1","1","a 2008 test","a 2008 test","88");
insert into scbs_unidadesaude (codigo, descricao) values ("1","health unit version 7ab");
insert into scbs_unidadesaude (codigo, descricao) values ("2","new health unit");
insert into scbs_unidadeespecialidade (codigounidadesaude, codigoespecialidade) values ("1","1");
insert into scbs_especialidade (codigo, descricao) values ("1","description");
insert into scbs_especialidade (codigo, descricao) values ("2","new medical speciality");
insert into scbs_tipodoenca (codigo, nome, descricao, manifestacao, duracao) values ("1","nome","descricoa","manifestacao","duracao");
insert into scbs_tipodoenca (codigo, nome, descricao, manifestacao, duracao) values ("2","new symptom","new symptom description","new symptom manifestation","new symptom duration");
insert into scbs_tipodoencasintoma (codigotipodoenca, codigosintoma) values ("1","1");
insert into scbs_sintoma (codigo, descricao) values ("1","sintoma descricao");
insert into scbs_sintoma (codigo, descricao) values ("2","new symptom");
insert into scbs_queixaanimal (codigo, qtdeanimais, dataincomodo, animal, enderecolocalocorrencia) values ("3","2","1/1/1980","blah 2","6");
insert into scbs_queixaanimal (codigo, qtdeanimais, dataincomodo, animal, enderecolocalocorrencia) values ("6","1","25/8/2006","oo animal race","12");
insert into scbs_queixaanimal (codigo, qtdeanimais, dataincomodo, animal, enderecolocalocorrencia) values ("9","2","3/3/1980","cat","18");
insert into scbs_queixaanimal (codigo, qtdeanimais, dataincomodo, animal, enderecolocalocorrencia) values ("13","1","13/9/2006","cat","26");
insert into scbs_queixaanimal (codigo, qtdeanimais, dataincomodo, animal, enderecolocalocorrencia) values ("15","2","1/1/2006","cat","30");
insert into scbs_queixaanimal (codigo, qtdeanimais, dataincomodo, animal, enderecolocalocorrencia) values ("19","4","1/1/2006","cat","38");
insert into scbs_queixaanimal (codigo, qtdeanimais, dataincomodo, animal, enderecolocalocorrencia) values ("22","4","1/1/2006","cats","44");
insert into scbs_queixaanimal (codigo, qtdeanimais, dataincomodo, animal, enderecolocalocorrencia) values ("25","3","1/1/2006","cats","50");
insert into scbs_queixaanimal (codigo, qtdeanimais, dataincomodo, animal, enderecolocalocorrencia) values ("27","1","1/1/2006","cat","54");
insert into scbs_queixaanimal (codigo, qtdeanimais, dataincomodo, animal, enderecolocalocorrencia) values ("31","1","1/1/2006","cats","62");
insert into scbs_queixaanimal (codigo, qtdeanimais, dataincomodo, animal, enderecolocalocorrencia) values ("34","1","1/1/2006","cats","68");
insert into scbs_queixadiversa (codigo, idade, ocupacao, instrucao, enderecoocorrencia) values ("7","12","oo special event occupation","oo special event level","14");
insert into scbs_queixadiversa (codigo, idade, ocupacao, instrucao, enderecoocorrencia) values ("20","26",null,null,"40");
insert into scbs_queixadiversa (codigo, idade, ocupacao, instrucao, enderecoocorrencia) values ("23","26",null,null,"46");
insert into scbs_queixadiversa (codigo, idade, ocupacao, instrucao, enderecoocorrencia) values ("28","26",null,null,"56");
insert into scbs_queixadiversa (codigo, idade, ocupacao, instrucao, enderecoocorrencia) values ("32","26",null,null,"64");
insert into scbs_queixadiversa (codigo, idade, ocupacao, instrucao, enderecoocorrencia) values ("35","26",null,null,"70");
