INSERT INTO SCBS_queixa (CODIGO, TIPOQUEIXA, SOLICITANTE, DESCRICAO, OBSERVACAO, EMAIL, FUNCIONARIO, SITUACAO, dataPARECER, dataQUEIXA, ENDERECOSOLICITANTE, ts) VALUES ("28","3",NULL,"final insert test AO version 3","update test",NULL,"default","3","15/9/2006","15/09/2006","55","1");
INSERT INTO SCBS_queixa (CODIGO, TIPOQUEIXA, SOLICITANTE, DESCRICAO, OBSERVACAO, EMAIL, FUNCIONARIO, SITUACAO, dataPARECER, dataQUEIXA, ENDERECOSOLICITANTE, ts) VALUES ("29","1",NULL,"final insert test AO version 4",NULL,NULL,"NULL","1","NULL","15/09/2006","57","0");
INSERT INTO SCBS_queixa (CODIGO, TIPOQUEIXA, SOLICITANTE, DESCRICAO, OBSERVACAO, EMAIL, FUNCIONARIO, SITUACAO, dataPARECER, dataQUEIXA, ENDERECOSOLICITANTE, ts) VALUES ("30","1",NULL,"final update test AO version 3a","updated",NULL,"default","3","15/9/2006","15/09/2006","59","1");
INSERT INTO SCBS_queixa (CODIGO, TIPOQUEIXA, SOLICITANTE, DESCRICAO, OBSERVACAO, EMAIL, FUNCIONARIO, SITUACAO, dataPARECER, dataQUEIXA, ENDERECOSOLICITANTE, ts) VALUES ("31","2",NULL,"final insert test version 4a","final update test version 4a",NULL,"default","3","15/9/2006","15/08/2006","61","1");
INSERT INTO SCBS_queixa (CODIGO, TIPOQUEIXA, SOLICITANTE, DESCRICAO, OBSERVACAO, EMAIL, FUNCIONARIO, SITUACAO, dataPARECER, dataQUEIXA, ENDERECOSOLICITANTE, ts) VALUES ("32","3",NULL,"final insert test version 5","final update test version 5",NULL,"default","3","15/9/2006","15/09/2006","63","1");
INSERT INTO SCBS_queixa (CODIGO, TIPOQUEIXA, SOLICITANTE, DESCRICAO, OBSERVACAO, EMAIL, FUNCIONARIO, SITUACAO, dataPARECER, dataQUEIXA, ENDERECOSOLICITANTE, ts) VALUES ("33","1",NULL,"final insert test AO version 6","final update test ao version 6",NULL,"default","3","15/9/2006","15/09/2006","65","1");
INSERT INTO SCBS_queixa (CODIGO, TIPOQUEIXA, SOLICITANTE, DESCRICAO, OBSERVACAO, EMAIL, FUNCIONARIO, SITUACAO, dataPARECER, dataQUEIXA, ENDERECOSOLICITANTE, ts) VALUES ("34","2",NULL,"final insert test ao version 7","final update test version 8",NULL,"default","3","15/9/2006","15/08/2006","67","1");
INSERT INTO SCBS_queixa (CODIGO, TIPOQUEIXA, SOLICITANTE, DESCRICAO, OBSERVACAO, EMAIL, FUNCIONARIO, SITUACAO, dataPARECER, dataQUEIXA, ENDERECOSOLICITANTE, ts) VALUES ("35","3",NULL,"final insert test version 8","final update ao test version 8",NULL,"default","3","15/9/2006","15/09/2006","69","1");
INSERT INTO SCBS_queixa (CODIGO, TIPOQUEIXA, SOLICITANTE, DESCRICAO, OBSERVACAO, EMAIL, FUNCIONARIO, SITUACAO, dataPARECER, dataQUEIXA, ENDERECOSOLICITANTE, ts) VALUES ("36","1",NULL,"test",NULL,NULL,"NULL","3","NULL","18/09/2006","71","0");
INSERT INTO SCBS_queixa (CODIGO, TIPOQUEIXA, SOLICITANTE, DESCRICAO, OBSERVACAO, EMAIL, FUNCIONARIO, SITUACAO, dataPARECER, dataQUEIXA, ENDERECOSOLICITANTE, ts) VALUES ("37","1",NULL,"test state complaint",NULL,NULL,"NULL","3","NULL","18/09/2006","73","0");
INSERT INTO SCBS_queixa (CODIGO, TIPOQUEIXA, SOLICITANTE, DESCRICAO, OBSERVACAO, EMAIL, FUNCIONARIO, SITUACAO, dataPARECER, dataQUEIXA, ENDERECOSOLICITANTE, ts) VALUES ("38","1",NULL,"complainy test 38","test",NULL,"default","3","18/9/2006","18/09/2006","75","1");
INSERT INTO SCBS_queixa (CODIGO, TIPOQUEIXA, SOLICITANTE, DESCRICAO, OBSERVACAO, EMAIL, FUNCIONARIO, SITUACAO, dataPARECER, dataQUEIXA, ENDERECOSOLICITANTE, ts) VALUES ("39","1",NULL,"new observer test","observer test",NULL,"default","3","18/9/2006","18/09/2006","77","1");
INSERT INTO SCBS_queixa (CODIGO, TIPOQUEIXA, SOLICITANTE, DESCRICAO, OBSERVACAO, EMAIL, FUNCIONARIO, SITUACAO, dataPARECER, dataQUEIXA, ENDERECOSOLICITANTE, ts) VALUES ("40","1",NULL,"update test version 6 version 2","y",NULL,"default","3","18/9/2006","18/09/2006","79","4");
INSERT INTO SCBS_queixa (CODIGO, TIPOQUEIXA, SOLICITANTE, DESCRICAO, OBSERVACAO, EMAIL, FUNCIONARIO, SITUACAO, dataPARECER, dataQUEIXA, ENDERECOSOLICITANTE, ts) VALUES ("41","1",NULL,"update test 101","test",NULL,"default","3","18/9/2006","18/09/2006","81","4");
INSERT INTO SCBS_queixa (CODIGO, TIPOQUEIXA, SOLICITANTE, DESCRICAO, OBSERVACAO, EMAIL, FUNCIONARIO, SITUACAO, dataPARECER, dataQUEIXA, ENDERECOSOLICITANTE, ts) VALUES ("42","1","blah","blah","blah",NULL,"NULL","1","NULL","06/10/2006","83","0");
INSERT INTO SCBS_queixa (CODIGO, TIPOQUEIXA, SOLICITANTE, DESCRICAO, OBSERVACAO, EMAIL, FUNCIONARIO, SITUACAO, dataPARECER, dataQUEIXA, ENDERECOSOLICITANTE, ts) VALUES ("43","1","test","test","test",NULL,"NULL","1","NULL","06/10/2006","85","0");
INSERT INTO SCBS_queixa (CODIGO, TIPOQUEIXA, SOLICITANTE, DESCRICAO, OBSERVACAO, EMAIL, FUNCIONARIO, SITUACAO, dataPARECER, dataQUEIXA, ENDERECOSOLICITANTE, ts) VALUES ("44","1","A 2008 test","A 2008 test","A 2008 test","A 2008 test","test","3","24/0/2008","24/00/2008","87","1");
INSERT INTO SCBS_queixa (CODIGO, TIPOQUEIXA, SOLICITANTE, DESCRICAO, OBSERVACAO, EMAIL, FUNCIONARIO, SITUACAO, dataPARECER, dataQUEIXA, ENDERECOSOLICITANTE, ts) VALUES ("1","1","Name","This is a test.","solution","email","phil","3","19/8/3906","19/07/2006","1","1");
INSERT INTO SCBS_queixa (CODIGO, TIPOQUEIXA, SOLICITANTE, DESCRICAO, OBSERVACAO, EMAIL, FUNCIONARIO, SITUACAO, dataPARECER, dataQUEIXA, ENDERECOSOLICITANTE, ts) VALUES ("2","1","blah","blah","blah","blah","phil","1","NULL","21/07/2006","3","1");
INSERT INTO SCBS_queixa (CODIGO, TIPOQUEIXA, SOLICITANTE, DESCRICAO, OBSERVACAO, EMAIL, FUNCIONARIO, SITUACAO, dataPARECER, dataQUEIXA, ENDERECOSOLICITANTE, ts) VALUES ("3","2","blah 2","blah 2","new observation 3","v","phil","3","25/7/2006","21/07/2006","5","1");
INSERT INTO SCBS_queixa (CODIGO, TIPOQUEIXA, SOLICITANTE, DESCRICAO, OBSERVACAO, EMAIL, FUNCIONARIO, SITUACAO, dataPARECER, dataQUEIXA, ENDERECOSOLICITANTE, ts) VALUES ("4","1","Bob Smith","This is a new food complaint","observation for complaint 4","a@b.com","phil","3","30/10/5806","08/08/2006","7","2");
INSERT INTO SCBS_queixa (CODIGO, TIPOQUEIXA, SOLICITANTE, DESCRICAO, OBSERVACAO, EMAIL, FUNCIONARIO, SITUACAO, dataPARECER, dataQUEIXA, ENDERECOSOLICITANTE, ts) VALUES ("5","1","oo complainer name","oo complaint description","complaint 5 observation","oo complainer email","phil","3","30/7/2006","25/07/2006","9","1");
INSERT INTO SCBS_queixa (CODIGO, TIPOQUEIXA, SOLICITANTE, DESCRICAO, OBSERVACAO, EMAIL, FUNCIONARIO, SITUACAO, dataPARECER, dataQUEIXA, ENDERECOSOLICITANTE, ts) VALUES ("6","2","oo animal complainer name","oo animal description","update complaint version 3 test ","oo animal complainer email","default","3","6/8/2006","25/07/2006","11","4");
INSERT INTO SCBS_queixa (CODIGO, TIPOQUEIXA, SOLICITANTE, DESCRICAO, OBSERVACAO, EMAIL, FUNCIONARIO, SITUACAO, dataPARECER, dataQUEIXA, ENDERECOSOLICITANTE, ts) VALUES ("7","3","oo special complainer name","oo special description ","oo special observations","oo special complainer email","NULL","1","NULL","25/07/2006","13","0");
INSERT INTO SCBS_queixa (CODIGO, TIPOQUEIXA, SOLICITANTE, DESCRICAO, OBSERVACAO, EMAIL, FUNCIONARIO, SITUACAO, dataPARECER, dataQUEIXA, ENDERECOSOLICITANTE, ts) VALUES ("8","1","new name","new food complaint","new food complaint observation","new email","phil","3","30/8/3906","30/07/2006","15","2");
INSERT INTO SCBS_queixa (CODIGO, TIPOQUEIXA, SOLICITANTE, DESCRICAO, OBSERVACAO, EMAIL, FUNCIONARIO, SITUACAO, dataPARECER, dataQUEIXA, ENDERECOSOLICITANTE, ts) VALUES ("9","2",NULL,"version 3 insert test","version 2 update test",NULL,"default","3","6/8/2006","06/08/2006","17","1");
INSERT INTO SCBS_queixa (CODIGO, TIPOQUEIXA, SOLICITANTE, DESCRICAO, OBSERVACAO, EMAIL, FUNCIONARIO, SITUACAO, dataPARECER, dataQUEIXA, ENDERECOSOLICITANTE, ts) VALUES ("10","1",NULL,"version 4 food complaint","blah",NULL,"default","1","8/8/2006","07/08/2006","19","15");
INSERT INTO SCBS_queixa (CODIGO, TIPOQUEIXA, SOLICITANTE, DESCRICAO, OBSERVACAO, EMAIL, FUNCIONARIO, SITUACAO, dataPARECER, dataQUEIXA, ENDERECOSOLICITANTE, ts) VALUES ("11","1",NULL,"version 4 complaint 2",NULL,NULL,"NULL","1","NULL","07/08/2006","21","0");
INSERT INTO SCBS_queixa (CODIGO, TIPOQUEIXA, SOLICITANTE, DESCRICAO, OBSERVACAO, EMAIL, FUNCIONARIO, SITUACAO, dataPARECER, dataQUEIXA, ENDERECOSOLICITANTE, ts) VALUES ("12","1",NULL,"update complaint test version 2","update test version 2",NULL,"default","3","13/8/2006","13/08/2006","23","1");
INSERT INTO SCBS_queixa (CODIGO, TIPOQUEIXA, SOLICITANTE, DESCRICAO, OBSERVACAO, EMAIL, FUNCIONARIO, SITUACAO, dataPARECER, dataQUEIXA, ENDERECOSOLICITANTE, ts) VALUES ("13","2",NULL,"complaint update test version 2","update test version 2",NULL,"default","3","13/8/2006","13/08/2006","25","1");
INSERT INTO SCBS_queixa (CODIGO, TIPOQUEIXA, SOLICITANTE, DESCRICAO, OBSERVACAO, EMAIL, FUNCIONARIO, SITUACAO, dataPARECER, dataQUEIXA, ENDERECOSOLICITANTE, ts) VALUES ("14","1",NULL,"new test version 2","update test new version 2",NULL,"default","3","13/8/2006","13/08/2006","27","1");
INSERT INTO SCBS_queixa (CODIGO, TIPOQUEIXA, SOLICITANTE, DESCRICAO, OBSERVACAO, EMAIL, FUNCIONARIO, SITUACAO, dataPARECER, dataQUEIXA, ENDERECOSOLICITANTE, ts) VALUES ("15","2",NULL,"AO version test 1","ao version test 1",NULL,"default","3","13/9/2006","13/08/2006","29","1");
INSERT INTO SCBS_queixa (CODIGO, TIPOQUEIXA, SOLICITANTE, DESCRICAO, OBSERVACAO, EMAIL, FUNCIONARIO, SITUACAO, dataPARECER, dataQUEIXA, ENDERECOSOLICITANTE, ts) VALUES ("16","1",NULL,"ao version 2 test","ao version 2 test",NULL,"default","3","13/9/2006","13/09/2006","31","1");
INSERT INTO SCBS_queixa (CODIGO, TIPOQUEIXA, SOLICITANTE, DESCRICAO, OBSERVACAO, EMAIL, FUNCIONARIO, SITUACAO, dataPARECER, dataQUEIXA, ENDERECOSOLICITANTE, ts) VALUES ("17","1",NULL,"final test version 1","final update test version 1",NULL,"default","3","14/8/2006","14/08/2006","33","1");
INSERT INTO SCBS_queixa (CODIGO, TIPOQUEIXA, SOLICITANTE, DESCRICAO, OBSERVACAO, EMAIL, FUNCIONARIO, SITUACAO, dataPARECER, dataQUEIXA, ENDERECOSOLICITANTE, ts) VALUES ("18","1",NULL,"final test version 2","update final test version 2",NULL,"default","3","14/8/2006","14/08/2006","35","1");
INSERT INTO SCBS_queixa (CODIGO, TIPOQUEIXA, SOLICITANTE, DESCRICAO, OBSERVACAO, EMAIL, FUNCIONARIO, SITUACAO, dataPARECER, dataQUEIXA, ENDERECOSOLICITANTE, ts) VALUES ("19","2",NULL,"final insert test version 3","update final test version 3",NULL,"default","3","14/8/2006","14/08/2006","37","1");
INSERT INTO SCBS_queixa (CODIGO, TIPOQUEIXA, SOLICITANTE, DESCRICAO, OBSERVACAO, EMAIL, FUNCIONARIO, SITUACAO, dataPARECER, dataQUEIXA, ENDERECOSOLICITANTE, ts) VALUES ("20","3",NULL,"insert final test version 4","this will now work",NULL,"default","3","14/8/2006","14/08/2006","39","48");
INSERT INTO SCBS_queixa (CODIGO, TIPOQUEIXA, SOLICITANTE, DESCRICAO, OBSERVACAO, EMAIL, FUNCIONARIO, SITUACAO, dataPARECER, dataQUEIXA, ENDERECOSOLICITANTE, ts) VALUES ("21","1",NULL,"last last insert version 4 test","update version 4",NULL,"default","1","14/8/2006","14/08/2006","41","1");
INSERT INTO SCBS_queixa (CODIGO, TIPOQUEIXA, SOLICITANTE, DESCRICAO, OBSERVACAO, EMAIL, FUNCIONARIO, SITUACAO, dataPARECER, dataQUEIXA, ENDERECOSOLICITANTE, ts) VALUES ("22","2",NULL,"final insert test version 5","final update test version 5",NULL,"default","3","14/8/2006","14/08/2006","43","2");
INSERT INTO SCBS_queixa (CODIGO, TIPOQUEIXA, SOLICITANTE, DESCRICAO, OBSERVACAO, EMAIL, FUNCIONARIO, SITUACAO, dataPARECER, dataQUEIXA, ENDERECOSOLICITANTE, ts) VALUES ("23","3",NULL,"final insert test version 6","final update test version 6",NULL,"default","3","14/8/2006","14/08/2006","45","2");
INSERT INTO SCBS_queixa (CODIGO, TIPOQUEIXA, SOLICITANTE, DESCRICAO, OBSERVACAO, EMAIL, FUNCIONARIO, SITUACAO, dataPARECER, dataQUEIXA, ENDERECOSOLICITANTE, ts) VALUES ("24","1",NULL,"final insert test version 7","final update test version 7",NULL,"default","3","14/8/2006","14/08/2006","47","2");
INSERT INTO SCBS_queixa (CODIGO, TIPOQUEIXA, SOLICITANTE, DESCRICAO, OBSERVACAO, EMAIL, FUNCIONARIO, SITUACAO, dataPARECER, dataQUEIXA, ENDERECOSOLICITANTE, ts) VALUES ("25","2",NULL,"final insert test version 8","final update test version 8",NULL,"default","3","14/8/2006","14/08/2006","49","2");
INSERT INTO SCBS_queixa (CODIGO, TIPOQUEIXA, SOLICITANTE, DESCRICAO, OBSERVACAO, EMAIL, FUNCIONARIO, SITUACAO, dataPARECER, dataQUEIXA, ENDERECOSOLICITANTE, ts) VALUES ("26","1",NULL,"final insert test AO version 1","final update test AO version 1",NULL,"default","3","15/9/2006","15/09/2006","51","1");
INSERT INTO SCBS_queixa (CODIGO, TIPOQUEIXA, SOLICITANTE, DESCRICAO, OBSERVACAO, EMAIL, FUNCIONARIO, SITUACAO, dataPARECER, dataQUEIXA, ENDERECOSOLICITANTE, ts) VALUES ("27","2",NULL,"final insert test AO version 2","final update test AO version 2",NULL,"default","3","15/9/2006","15/08/2006","53","1");
INSERT INTO SCBS_funcionario (LOGIN, NOME, SENHA) VALUES ("phil","test","test2");
INSERT INTO SCBS_funcionario (LOGIN, NOME, SENHA) VALUES ("joe","Joe Bloggs","bloggs");
INSERT INTO SCBS_funcionario (LOGIN, NOME, SENHA) VALUES ("smith","John Smith","john");
INSERT INTO SCBS_funcionario (LOGIN, NOME, SENHA) VALUES ("murphy","john","murphy");
INSERT INTO SCBS_funcionario (LOGIN, NOME, SENHA) VALUES ("test","test","test");
INSERT INTO SCBS_funcionario (LOGIN, NOME, SENHA) VALUES ("default","default version 4","default4");
INSERT INTO SCBS_funcionario (LOGIN, NOME, SENHA) VALUES ("version7","version 7","version7");
INSERT INTO SCBS_funcionario (LOGIN, NOME, SENHA) VALUES ("authen","authen","authen");
INSERT INTO SCBS_funcionario (LOGIN, NOME, SENHA) VALUES ("test2","test2","test2");
INSERT INTO SCBS_funcionario (LOGIN, NOME, SENHA) VALUES ("2008","2008","2008");
INSERT INTO SCBS_endereco (codigo, rua, Complemento, Cep, Uf, Fone, Cidade, Bairro) VALUES ("81",NULL,NULL,NULL,NULL,NULL,NULL,NULL);
INSERT INTO SCBS_endereco (codigo, rua, Complemento, Cep, Uf, Fone, Cidade, Bairro) VALUES ("82",NULL,NULL,NULL,NULL,NULL,NULL,NULL);
INSERT INTO SCBS_endereco (codigo, rua, Complemento, Cep, Uf, Fone, Cidade, Bairro) VALUES ("83","BLAh",NULL,"null",NULL,NULL,NULL,NULL);
INSERT INTO SCBS_endereco (codigo, rua, Complemento, Cep, Uf, Fone, Cidade, Bairro) VALUES ("84",NULL,NULL,"null",NULL,NULL,NULL,NULL);
INSERT INTO SCBS_endereco (codigo, rua, Complemento, Cep, Uf, Fone, Cidade, Bairro) VALUES ("85",NULL,NULL,"null",NULL,NULL,NULL,NULL);
INSERT INTO SCBS_endereco (codigo, rua, Complemento, Cep, Uf, Fone, Cidade, Bairro) VALUES ("86",NULL,NULL,"null",NULL,NULL,NULL,NULL);
INSERT INTO SCBS_endereco (codigo, rua, Complemento, Cep, Uf, Fone, Cidade, Bairro) VALUES ("87","A 2008 test","A 2008 test","null","A 2008 test","A 2008 test","A 2008 test","A 2008 test");
INSERT INTO SCBS_endereco (codigo, rua, Complemento, Cep, Uf, Fone, Cidade, Bairro) VALUES ("88","A 2008 test","A 2008 test","null","A 2008 test","A 2008 test","A 2008 test","A 2008 test");
INSERT INTO SCBS_endereco (codigo, rua, Complemento, Cep, Uf, Fone, Cidade, Bairro) VALUES ("1","address","complement","zip","state","phone number","city","province");
INSERT INTO SCBS_endereco (codigo, rua, Complemento, Cep, Uf, Fone, Cidade, Bairro) VALUES ("2","address","complement","zip","state","telephone","city","province");
INSERT INTO SCBS_endereco (codigo, rua, Complemento, Cep, Uf, Fone, Cidade, Bairro) VALUES ("3","blah","blah","blah","blah","blah","blah","blah");
INSERT INTO SCBS_endereco (codigo, rua, Complemento, Cep, Uf, Fone, Cidade, Bairro) VALUES ("4","blah","blah","blah","blah","v","blah","blah");
INSERT INTO SCBS_endereco (codigo, rua, Complemento, Cep, Uf, Fone, Cidade, Bairro) VALUES ("5","blah 2","blah 2","blah 2","blah 2","blah 2","blah 2","blah 2");
INSERT INTO SCBS_endereco (codigo, rua, Complemento, Cep, Uf, Fone, Cidade, Bairro) VALUES ("6","blah 2","blah 2","blah 2","blah 2","blah 2","blah 2","blah 2");
INSERT INTO SCBS_endereco (codigo, rua, Complemento, Cep, Uf, Fone, Cidade, Bairro) VALUES ("7","20 High Street","dunno","LA1 3QQ",NULL,"01524 343412","lancaster","lancashire");
INSERT INTO SCBS_endereco (codigo, rua, Complemento, Cep, Uf, Fone, Cidade, Bairro) VALUES ("8","21 High Street","dunno","LA1 3QQ",NULL,"01524 6454564","Lancaster","Lancashire");
INSERT INTO SCBS_endereco (codigo, rua, Complemento, Cep, Uf, Fone, Cidade, Bairro) VALUES ("9","oo complainer address","oo complainer complement","null","oo complainer state","oo complainer phone number","oo complainer city","oo complainer province");
INSERT INTO SCBS_endereco (codigo, rua, Complemento, Cep, Uf, Fone, Cidade, Bairro) VALUES ("10","oo victim adress","oo victim complement","null","oo victim state","oo victim telephone","oo victim city","oo victim province");
INSERT INTO SCBS_endereco (codigo, rua, Complemento, Cep, Uf, Fone, Cidade, Bairro) VALUES ("11","oo animal complainer address","oo animal complainer complement","null","oo animal complainer state","oo animal complainer phone","oo animal complainer city","oo animal complainer province");
INSERT INTO SCBS_endereco (codigo, rua, Complemento, Cep, Uf, Fone, Cidade, Bairro) VALUES ("12","oo animal event address","oo animal event complement","null","oo animal event state","oo animal event phone","oo animal event city","oo animal event province");
INSERT INTO SCBS_endereco (codigo, rua, Complemento, Cep, Uf, Fone, Cidade, Bairro) VALUES ("13","oo special complainer address","oo special complainer complement","null","oo special complainer state","oo special complainer phone","oo special complainer city","oo special complainer province");
INSERT INTO SCBS_endereco (codigo, rua, Complemento, Cep, Uf, Fone, Cidade, Bairro) VALUES ("14","oo special event address","oo special event complement","null","oo special event state","oo special event phone","oo special event city","oo special event provicne");
INSERT INTO SCBS_endereco (codigo, rua, Complemento, Cep, Uf, Fone, Cidade, Bairro) VALUES ("15","new address","new complement","null","new state","new phone number","new city","new province");
INSERT INTO SCBS_endereco (codigo, rua, Complemento, Cep, Uf, Fone, Cidade, Bairro) VALUES ("16","new address","new complement","null","new state ","new phone","new closest city","new province");
INSERT INTO SCBS_endereco (codigo, rua, Complemento, Cep, Uf, Fone, Cidade, Bairro) VALUES ("17",NULL,NULL,"null",NULL,NULL,NULL,NULL);
INSERT INTO SCBS_endereco (codigo, rua, Complemento, Cep, Uf, Fone, Cidade, Bairro) VALUES ("18",NULL,NULL,"null",NULL,NULL,NULL,NULL);
INSERT INTO SCBS_endereco (codigo, rua, Complemento, Cep, Uf, Fone, Cidade, Bairro) VALUES ("19",NULL,NULL,"null",NULL,NULL,NULL,NULL);
INSERT INTO SCBS_endereco (codigo, rua, Complemento, Cep, Uf, Fone, Cidade, Bairro) VALUES ("20",NULL,NULL,"null",NULL,NULL,NULL,NULL);
INSERT INTO SCBS_endereco (codigo, rua, Complemento, Cep, Uf, Fone, Cidade, Bairro) VALUES ("21",NULL,NULL,"null",NULL,NULL,NULL,NULL);
INSERT INTO SCBS_endereco (codigo, rua, Complemento, Cep, Uf, Fone, Cidade, Bairro) VALUES ("22",NULL,NULL,"null",NULL,NULL,NULL,NULL);
INSERT INTO SCBS_endereco (codigo, rua, Complemento, Cep, Uf, Fone, Cidade, Bairro) VALUES ("23",NULL,NULL,"null",NULL,NULL,NULL,NULL);
INSERT INTO SCBS_endereco (codigo, rua, Complemento, Cep, Uf, Fone, Cidade, Bairro) VALUES ("24",NULL,NULL,"null",NULL,NULL,NULL,NULL);
INSERT INTO SCBS_endereco (codigo, rua, Complemento, Cep, Uf, Fone, Cidade, Bairro) VALUES ("25",NULL,NULL,"null",NULL,NULL,NULL,NULL);
INSERT INTO SCBS_endereco (codigo, rua, Complemento, Cep, Uf, Fone, Cidade, Bairro) VALUES ("26",NULL,NULL,"null",NULL,NULL,NULL,NULL);
INSERT INTO SCBS_endereco (codigo, rua, Complemento, Cep, Uf, Fone, Cidade, Bairro) VALUES ("27",NULL,NULL,"null",NULL,NULL,NULL,NULL);
INSERT INTO SCBS_endereco (codigo, rua, Complemento, Cep, Uf, Fone, Cidade, Bairro) VALUES ("28",NULL,NULL,"null",NULL,NULL,NULL,NULL);
INSERT INTO SCBS_endereco (codigo, rua, Complemento, Cep, Uf, Fone, Cidade, Bairro) VALUES ("29",NULL,NULL,NULL,NULL,NULL,NULL,NULL);
INSERT INTO SCBS_endereco (codigo, rua, Complemento, Cep, Uf, Fone, Cidade, Bairro) VALUES ("30",NULL,NULL,NULL,NULL,NULL,NULL,NULL);
INSERT INTO SCBS_endereco (codigo, rua, Complemento, Cep, Uf, Fone, Cidade, Bairro) VALUES ("31",NULL,NULL,NULL,NULL,NULL,NULL,NULL);
INSERT INTO SCBS_endereco (codigo, rua, Complemento, Cep, Uf, Fone, Cidade, Bairro) VALUES ("32",NULL,NULL,NULL,NULL,NULL,NULL,NULL);
INSERT INTO SCBS_endereco (codigo, rua, Complemento, Cep, Uf, Fone, Cidade, Bairro) VALUES ("33",NULL,NULL,"null",NULL,NULL,NULL,NULL);
INSERT INTO SCBS_endereco (codigo, rua, Complemento, Cep, Uf, Fone, Cidade, Bairro) VALUES ("34",NULL,NULL,"null",NULL,NULL,NULL,NULL);
INSERT INTO SCBS_endereco (codigo, rua, Complemento, Cep, Uf, Fone, Cidade, Bairro) VALUES ("35",NULL,NULL,"null",NULL,NULL,NULL,NULL);
INSERT INTO SCBS_endereco (codigo, rua, Complemento, Cep, Uf, Fone, Cidade, Bairro) VALUES ("36",NULL,NULL,"null",NULL,NULL,NULL,NULL);
INSERT INTO SCBS_endereco (codigo, rua, Complemento, Cep, Uf, Fone, Cidade, Bairro) VALUES ("37",NULL,NULL,"null",NULL,NULL,NULL,NULL);
INSERT INTO SCBS_endereco (codigo, rua, Complemento, Cep, Uf, Fone, Cidade, Bairro) VALUES ("38",NULL,NULL,"null",NULL,NULL,NULL,NULL);
INSERT INTO SCBS_endereco (codigo, rua, Complemento, Cep, Uf, Fone, Cidade, Bairro) VALUES ("39",NULL,NULL,"null",NULL,NULL,NULL,NULL);
INSERT INTO SCBS_endereco (codigo, rua, Complemento, Cep, Uf, Fone, Cidade, Bairro) VALUES ("40",NULL,NULL,"null",NULL,NULL,NULL,NULL);
INSERT INTO SCBS_endereco (codigo, rua, Complemento, Cep, Uf, Fone, Cidade, Bairro) VALUES ("41",NULL,NULL,"null",NULL,NULL,NULL,NULL);
INSERT INTO SCBS_endereco (codigo, rua, Complemento, Cep, Uf, Fone, Cidade, Bairro) VALUES ("42",NULL,NULL,"null",NULL,NULL,NULL,NULL);
INSERT INTO SCBS_endereco (codigo, rua, Complemento, Cep, Uf, Fone, Cidade, Bairro) VALUES ("43",NULL,NULL,"null",NULL,NULL,NULL,NULL);
INSERT INTO SCBS_endereco (codigo, rua, Complemento, Cep, Uf, Fone, Cidade, Bairro) VALUES ("44",NULL,NULL,"null",NULL,NULL,NULL,NULL);
INSERT INTO SCBS_endereco (codigo, rua, Complemento, Cep, Uf, Fone, Cidade, Bairro) VALUES ("45",NULL,NULL,"null",NULL,NULL,NULL,NULL);
INSERT INTO SCBS_endereco (codigo, rua, Complemento, Cep, Uf, Fone, Cidade, Bairro) VALUES ("46",NULL,NULL,"null",NULL,NULL,NULL,NULL);
INSERT INTO SCBS_endereco (codigo, rua, Complemento, Cep, Uf, Fone, Cidade, Bairro) VALUES ("47",NULL,NULL,"null",NULL,NULL,NULL,NULL);
INSERT INTO SCBS_endereco (codigo, rua, Complemento, Cep, Uf, Fone, Cidade, Bairro) VALUES ("48",NULL,NULL,"null",NULL,NULL,NULL,NULL);
INSERT INTO SCBS_endereco (codigo, rua, Complemento, Cep, Uf, Fone, Cidade, Bairro) VALUES ("49",NULL,NULL,"null",NULL,NULL,NULL,NULL);
INSERT INTO SCBS_endereco (codigo, rua, Complemento, Cep, Uf, Fone, Cidade, Bairro) VALUES ("50",NULL,NULL,"null",NULL,NULL,NULL,NULL);
INSERT INTO SCBS_endereco (codigo, rua, Complemento, Cep, Uf, Fone, Cidade, Bairro) VALUES ("51",NULL,NULL,NULL,NULL,NULL,NULL,NULL);
INSERT INTO SCBS_endereco (codigo, rua, Complemento, Cep, Uf, Fone, Cidade, Bairro) VALUES ("52",NULL,NULL,NULL,NULL,NULL,NULL,NULL);
INSERT INTO SCBS_endereco (codigo, rua, Complemento, Cep, Uf, Fone, Cidade, Bairro) VALUES ("53",NULL,NULL,NULL,NULL,NULL,NULL,NULL);
INSERT INTO SCBS_endereco (codigo, rua, Complemento, Cep, Uf, Fone, Cidade, Bairro) VALUES ("54",NULL,NULL,NULL,NULL,NULL,NULL,NULL);
INSERT INTO SCBS_endereco (codigo, rua, Complemento, Cep, Uf, Fone, Cidade, Bairro) VALUES ("55",NULL,NULL,NULL,NULL,NULL,NULL,NULL);
INSERT INTO SCBS_endereco (codigo, rua, Complemento, Cep, Uf, Fone, Cidade, Bairro) VALUES ("56",NULL,NULL,NULL,NULL,NULL,NULL,NULL);
INSERT INTO SCBS_endereco (codigo, rua, Complemento, Cep, Uf, Fone, Cidade, Bairro) VALUES ("57",NULL,NULL,NULL,NULL,NULL,NULL,NULL);
INSERT INTO SCBS_endereco (codigo, rua, Complemento, Cep, Uf, Fone, Cidade, Bairro) VALUES ("58",NULL,NULL,NULL,NULL,NULL,NULL,NULL);
INSERT INTO SCBS_endereco (codigo, rua, Complemento, Cep, Uf, Fone, Cidade, Bairro) VALUES ("59",NULL,NULL,NULL,NULL,NULL,NULL,NULL);
INSERT INTO SCBS_endereco (codigo, rua, Complemento, Cep, Uf, Fone, Cidade, Bairro) VALUES ("60",NULL,NULL,NULL,NULL,NULL,NULL,NULL);
INSERT INTO SCBS_endereco (codigo, rua, Complemento, Cep, Uf, Fone, Cidade, Bairro) VALUES ("61",NULL,NULL,NULL,NULL,NULL,NULL,NULL);
INSERT INTO SCBS_endereco (codigo, rua, Complemento, Cep, Uf, Fone, Cidade, Bairro) VALUES ("62",NULL,NULL,NULL,NULL,NULL,NULL,NULL);
INSERT INTO SCBS_endereco (codigo, rua, Complemento, Cep, Uf, Fone, Cidade, Bairro) VALUES ("63",NULL,NULL,NULL,NULL,NULL,NULL,NULL);
INSERT INTO SCBS_endereco (codigo, rua, Complemento, Cep, Uf, Fone, Cidade, Bairro) VALUES ("64",NULL,NULL,NULL,NULL,NULL,NULL,NULL);
INSERT INTO SCBS_endereco (codigo, rua, Complemento, Cep, Uf, Fone, Cidade, Bairro) VALUES ("65",NULL,NULL,NULL,NULL,NULL,NULL,NULL);
INSERT INTO SCBS_endereco (codigo, rua, Complemento, Cep, Uf, Fone, Cidade, Bairro) VALUES ("66",NULL,NULL,NULL,NULL,NULL,NULL,NULL);
INSERT INTO SCBS_endereco (codigo, rua, Complemento, Cep, Uf, Fone, Cidade, Bairro) VALUES ("67",NULL,NULL,NULL,NULL,NULL,NULL,NULL);
INSERT INTO SCBS_endereco (codigo, rua, Complemento, Cep, Uf, Fone, Cidade, Bairro) VALUES ("68",NULL,NULL,NULL,NULL,NULL,NULL,NULL);
INSERT INTO SCBS_endereco (codigo, rua, Complemento, Cep, Uf, Fone, Cidade, Bairro) VALUES ("69",NULL,NULL,NULL,NULL,NULL,NULL,NULL);
INSERT INTO SCBS_endereco (codigo, rua, Complemento, Cep, Uf, Fone, Cidade, Bairro) VALUES ("70",NULL,NULL,NULL,NULL,NULL,NULL,NULL);
INSERT INTO SCBS_endereco (codigo, rua, Complemento, Cep, Uf, Fone, Cidade, Bairro) VALUES ("71",NULL,NULL,NULL,NULL,NULL,NULL,NULL);
INSERT INTO SCBS_endereco (codigo, rua, Complemento, Cep, Uf, Fone, Cidade, Bairro) VALUES ("72",NULL,NULL,NULL,NULL,NULL,NULL,NULL);
INSERT INTO SCBS_endereco (codigo, rua, Complemento, Cep, Uf, Fone, Cidade, Bairro) VALUES ("73",NULL,NULL,NULL,NULL,NULL,NULL,NULL);
INSERT INTO SCBS_endereco (codigo, rua, Complemento, Cep, Uf, Fone, Cidade, Bairro) VALUES ("74",NULL,NULL,NULL,NULL,NULL,NULL,NULL);
INSERT INTO SCBS_endereco (codigo, rua, Complemento, Cep, Uf, Fone, Cidade, Bairro) VALUES ("75",NULL,NULL,NULL,NULL,NULL,NULL,NULL);
INSERT INTO SCBS_endereco (codigo, rua, Complemento, Cep, Uf, Fone, Cidade, Bairro) VALUES ("76",NULL,NULL,NULL,NULL,NULL,NULL,NULL);
INSERT INTO SCBS_endereco (codigo, rua, Complemento, Cep, Uf, Fone, Cidade, Bairro) VALUES ("77",NULL,NULL,NULL,NULL,NULL,NULL,NULL);
INSERT INTO SCBS_endereco (codigo, rua, Complemento, Cep, Uf, Fone, Cidade, Bairro) VALUES ("78",NULL,NULL,NULL,NULL,NULL,NULL,NULL);
INSERT INTO SCBS_endereco (codigo, rua, Complemento, Cep, Uf, Fone, Cidade, Bairro) VALUES ("79",NULL,NULL,NULL,NULL,NULL,NULL,NULL);
INSERT INTO SCBS_endereco (codigo, rua, Complemento, Cep, Uf, Fone, Cidade, Bairro) VALUES ("80",NULL,NULL,NULL,NULL,NULL,NULL,NULL);
INSERT INTO SCBS_queixaalimentar (CODIGO, QTDECOMENSAIS, QTDEDOENTES, QTDEINTERNACOES, QTDEOBITOS, LOCALATENDIMENTO, REFEICAOSUSPEITA, ENDERECODOENTE) VALUES ("1","1","1","1","1","hospital","pizza","1");
INSERT INTO SCBS_queixaalimentar (CODIGO, QTDECOMENSAIS, QTDEDOENTES, QTDEINTERNACOES, QTDEOBITOS, LOCALATENDIMENTO, REFEICAOSUSPEITA, ENDERECODOENTE) VALUES ("2","2","2","2","2","blah","blah","4");
INSERT INTO SCBS_queixaalimentar (CODIGO, QTDECOMENSAIS, QTDEDOENTES, QTDEINTERNACOES, QTDEOBITOS, LOCALATENDIMENTO, REFEICAOSUSPEITA, ENDERECODOENTE) VALUES ("4","1","1","0","0","Lancaster Infirmary","McDondalds","8");
INSERT INTO SCBS_queixaalimentar (CODIGO, QTDECOMENSAIS, QTDEDOENTES, QTDEINTERNACOES, QTDEOBITOS, LOCALATENDIMENTO, REFEICAOSUSPEITA, ENDERECODOENTE) VALUES ("5","1","2","3","4","oo medical centre","oo meal","10");
INSERT INTO SCBS_queixaalimentar (CODIGO, QTDECOMENSAIS, QTDEDOENTES, QTDEINTERNACOES, QTDEOBITOS, LOCALATENDIMENTO, REFEICAOSUSPEITA, ENDERECODOENTE) VALUES ("8","1","10","10","10","new centre","new meal","16");
INSERT INTO SCBS_queixaalimentar (CODIGO, QTDECOMENSAIS, QTDEDOENTES, QTDEINTERNACOES, QTDEOBITOS, LOCALATENDIMENTO, REFEICAOSUSPEITA, ENDERECODOENTE) VALUES ("10","1","2","3","4",NULL,NULL,"20");
INSERT INTO SCBS_queixaalimentar (CODIGO, QTDECOMENSAIS, QTDEDOENTES, QTDEINTERNACOES, QTDEOBITOS, LOCALATENDIMENTO, REFEICAOSUSPEITA, ENDERECODOENTE) VALUES ("11","1","1","1","1",NULL,NULL,"22");
INSERT INTO SCBS_queixaalimentar (CODIGO, QTDECOMENSAIS, QTDEDOENTES, QTDEINTERNACOES, QTDEOBITOS, LOCALATENDIMENTO, REFEICAOSUSPEITA, ENDERECODOENTE) VALUES ("12","1","2","3","4",NULL,NULL,"24");
INSERT INTO SCBS_queixaalimentar (CODIGO, QTDECOMENSAIS, QTDEDOENTES, QTDEINTERNACOES, QTDEOBITOS, LOCALATENDIMENTO, REFEICAOSUSPEITA, ENDERECODOENTE) VALUES ("14","1","2","3","4",NULL,NULL,"28");
INSERT INTO SCBS_queixaalimentar (CODIGO, QTDECOMENSAIS, QTDEDOENTES, QTDEINTERNACOES, QTDEOBITOS, LOCALATENDIMENTO, REFEICAOSUSPEITA, ENDERECODOENTE) VALUES ("16","1","2","3","4",NULL,NULL,"32");
INSERT INTO SCBS_queixaalimentar (CODIGO, QTDECOMENSAIS, QTDEDOENTES, QTDEINTERNACOES, QTDEOBITOS, LOCALATENDIMENTO, REFEICAOSUSPEITA, ENDERECODOENTE) VALUES ("17","1","2","3","4",NULL,NULL,"34");
INSERT INTO SCBS_queixaalimentar (CODIGO, QTDECOMENSAIS, QTDEDOENTES, QTDEINTERNACOES, QTDEOBITOS, LOCALATENDIMENTO, REFEICAOSUSPEITA, ENDERECODOENTE) VALUES ("18","1","2","3","4",NULL,NULL,"36");
INSERT INTO SCBS_queixaalimentar (CODIGO, QTDECOMENSAIS, QTDEDOENTES, QTDEINTERNACOES, QTDEOBITOS, LOCALATENDIMENTO, REFEICAOSUSPEITA, ENDERECODOENTE) VALUES ("21","1","2","3","4",NULL,NULL,"42");
INSERT INTO SCBS_queixaalimentar (CODIGO, QTDECOMENSAIS, QTDEDOENTES, QTDEINTERNACOES, QTDEOBITOS, LOCALATENDIMENTO, REFEICAOSUSPEITA, ENDERECODOENTE) VALUES ("24","1","2","3","4",NULL,NULL,"48");
INSERT INTO SCBS_queixaalimentar (CODIGO, QTDECOMENSAIS, QTDEDOENTES, QTDEINTERNACOES, QTDEOBITOS, LOCALATENDIMENTO, REFEICAOSUSPEITA, ENDERECODOENTE) VALUES ("26","1","2","3","4",NULL,NULL,"52");
INSERT INTO SCBS_queixaalimentar (CODIGO, QTDECOMENSAIS, QTDEDOENTES, QTDEINTERNACOES, QTDEOBITOS, LOCALATENDIMENTO, REFEICAOSUSPEITA, ENDERECODOENTE) VALUES ("29","1","2","3","4",NULL,NULL,"58");
INSERT INTO SCBS_queixaalimentar (CODIGO, QTDECOMENSAIS, QTDEDOENTES, QTDEINTERNACOES, QTDEOBITOS, LOCALATENDIMENTO, REFEICAOSUSPEITA, ENDERECODOENTE) VALUES ("30","1","2","3","4",NULL,NULL,"60");
INSERT INTO SCBS_queixaalimentar (CODIGO, QTDECOMENSAIS, QTDEDOENTES, QTDEINTERNACOES, QTDEOBITOS, LOCALATENDIMENTO, REFEICAOSUSPEITA, ENDERECODOENTE) VALUES ("33","1","2","3","4",NULL,NULL,"66");
INSERT INTO SCBS_queixaalimentar (CODIGO, QTDECOMENSAIS, QTDEDOENTES, QTDEINTERNACOES, QTDEOBITOS, LOCALATENDIMENTO, REFEICAOSUSPEITA, ENDERECODOENTE) VALUES ("36","1","2","3","4",NULL,NULL,"72");
INSERT INTO SCBS_queixaalimentar (CODIGO, QTDECOMENSAIS, QTDEDOENTES, QTDEINTERNACOES, QTDEOBITOS, LOCALATENDIMENTO, REFEICAOSUSPEITA, ENDERECODOENTE) VALUES ("37","1","2","3","4",NULL,NULL,"74");
INSERT INTO SCBS_queixaalimentar (CODIGO, QTDECOMENSAIS, QTDEDOENTES, QTDEINTERNACOES, QTDEOBITOS, LOCALATENDIMENTO, REFEICAOSUSPEITA, ENDERECODOENTE) VALUES ("38","1","2","3","4",NULL,NULL,"76");
INSERT INTO SCBS_queixaalimentar (CODIGO, QTDECOMENSAIS, QTDEDOENTES, QTDEINTERNACOES, QTDEOBITOS, LOCALATENDIMENTO, REFEICAOSUSPEITA, ENDERECODOENTE) VALUES ("39","1","23","3","4",NULL,NULL,"78");
INSERT INTO SCBS_queixaalimentar (CODIGO, QTDECOMENSAIS, QTDEDOENTES, QTDEINTERNACOES, QTDEOBITOS, LOCALATENDIMENTO, REFEICAOSUSPEITA, ENDERECODOENTE) VALUES ("40","1","2","3","4",NULL,NULL,"80");
INSERT INTO SCBS_queixaalimentar (CODIGO, QTDECOMENSAIS, QTDEDOENTES, QTDEINTERNACOES, QTDEOBITOS, LOCALATENDIMENTO, REFEICAOSUSPEITA, ENDERECODOENTE) VALUES ("41","1","2","3","4",NULL,NULL,"82");
INSERT INTO SCBS_queixaalimentar (CODIGO, QTDECOMENSAIS, QTDEDOENTES, QTDEINTERNACOES, QTDEOBITOS, LOCALATENDIMENTO, REFEICAOSUSPEITA, ENDERECODOENTE) VALUES ("42","1","2","3","4",NULL,NULL,"84");
INSERT INTO SCBS_queixaalimentar (CODIGO, QTDECOMENSAIS, QTDEDOENTES, QTDEINTERNACOES, QTDEOBITOS, LOCALATENDIMENTO, REFEICAOSUSPEITA, ENDERECODOENTE) VALUES ("43","99","99","99","99",NULL,NULL,"86");
INSERT INTO SCBS_queixaalimentar (CODIGO, QTDECOMENSAIS, QTDEDOENTES, QTDEINTERNACOES, QTDEOBITOS, LOCALATENDIMENTO, REFEICAOSUSPEITA, ENDERECODOENTE) VALUES ("44","1","1","1","1","A 2008 test","A 2008 test","88");
INSERT INTO SCBS_UNIDADESAUDE (CODIGO, DESCRICAO) VALUES ("1","health unit version 7ab");
INSERT INTO SCBS_UNIDADESAUDE (CODIGO, DESCRICAO) VALUES ("2","New Health Unit");
INSERT INTO SCBS_unidadeespecialidade (CODIGOUNIDADESAUDE, CODIGOESPECIALIDADE) VALUES ("1","1");
INSERT INTO SCBS_ESPECIALIDADE (CODIGO, DESCRICAO) VALUES ("1","description");
INSERT INTO SCBS_ESPECIALIDADE (CODIGO, DESCRICAO) VALUES ("2","New medical speciality");
INSERT INTO SCBS_TIPODOENCA (CODIGO, nome, DESCRICAO, manifestacao, duracao) VALUES ("1","nome","descricoa","manifestacao","duracao");
INSERT INTO SCBS_TIPODOENCA (CODIGO, nome, DESCRICAO, manifestacao, duracao) VALUES ("2","New Symptom","New Symptom Description","New Symptom Manifestation","New Symptom Duration");
INSERT INTO SCBS_tipodoencasintoma (CODIGOTIPODOENCA, CODIGOSINTOMA) VALUES ("1","1");
INSERT INTO SCBS_sintoma (CODIGO, DESCRICAO) VALUES ("1","sintoma descricao");
INSERT INTO SCBS_sintoma (CODIGO, DESCRICAO) VALUES ("2","New Symptom");
INSERT INTO SCBS_queixaanimal (CODIGO, QTDEANIMAIS, DATAINCOMODO, ANIMAL, ENDERECOLOCALOCORRENCIA) VALUES ("3","2","1/1/1980","blah 2","6");
INSERT INTO SCBS_queixaanimal (CODIGO, QTDEANIMAIS, DATAINCOMODO, ANIMAL, ENDERECOLOCALOCORRENCIA) VALUES ("6","1","25/8/2006","oo animal race","12");
INSERT INTO SCBS_queixaanimal (CODIGO, QTDEANIMAIS, DATAINCOMODO, ANIMAL, ENDERECOLOCALOCORRENCIA) VALUES ("9","2","3/3/1980","cat","18");
INSERT INTO SCBS_queixaanimal (CODIGO, QTDEANIMAIS, DATAINCOMODO, ANIMAL, ENDERECOLOCALOCORRENCIA) VALUES ("13","1","13/9/2006","cat","26");
INSERT INTO SCBS_queixaanimal (CODIGO, QTDEANIMAIS, DATAINCOMODO, ANIMAL, ENDERECOLOCALOCORRENCIA) VALUES ("15","2","1/1/2006","cat","30");
INSERT INTO SCBS_queixaanimal (CODIGO, QTDEANIMAIS, DATAINCOMODO, ANIMAL, ENDERECOLOCALOCORRENCIA) VALUES ("19","4","1/1/2006","cat","38");
INSERT INTO SCBS_queixaanimal (CODIGO, QTDEANIMAIS, DATAINCOMODO, ANIMAL, ENDERECOLOCALOCORRENCIA) VALUES ("22","4","1/1/2006","cats","44");
INSERT INTO SCBS_queixaanimal (CODIGO, QTDEANIMAIS, DATAINCOMODO, ANIMAL, ENDERECOLOCALOCORRENCIA) VALUES ("25","3","1/1/2006","cats","50");
INSERT INTO SCBS_queixaanimal (CODIGO, QTDEANIMAIS, DATAINCOMODO, ANIMAL, ENDERECOLOCALOCORRENCIA) VALUES ("27","1","1/1/2006","cat","54");
INSERT INTO SCBS_queixaanimal (CODIGO, QTDEANIMAIS, DATAINCOMODO, ANIMAL, ENDERECOLOCALOCORRENCIA) VALUES ("31","1","1/1/2006","cats","62");
INSERT INTO SCBS_queixaanimal (CODIGO, QTDEANIMAIS, DATAINCOMODO, ANIMAL, ENDERECOLOCALOCORRENCIA) VALUES ("34","1","1/1/2006","cats","68");
INSERT INTO SCBS_queixadiversa (CODIGO, IDADE, OCUPACAO, INSTRUCAO, ENDERECOOCORRENCIA) VALUES ("7","12","oo special event occupation","oo special event level","14");
INSERT INTO SCBS_queixadiversa (CODIGO, IDADE, OCUPACAO, INSTRUCAO, ENDERECOOCORRENCIA) VALUES ("20","26",NULL,NULL,"40");
INSERT INTO SCBS_queixadiversa (CODIGO, IDADE, OCUPACAO, INSTRUCAO, ENDERECOOCORRENCIA) VALUES ("23","26",NULL,NULL,"46");
INSERT INTO SCBS_queixadiversa (CODIGO, IDADE, OCUPACAO, INSTRUCAO, ENDERECOOCORRENCIA) VALUES ("28","26",NULL,NULL,"56");
INSERT INTO SCBS_queixadiversa (CODIGO, IDADE, OCUPACAO, INSTRUCAO, ENDERECOOCORRENCIA) VALUES ("32","26",NULL,NULL,"64");
INSERT INTO SCBS_queixadiversa (CODIGO, IDADE, OCUPACAO, INSTRUCAO, ENDERECOOCORRENCIA) VALUES ("35","26",NULL,NULL,"70");
